{
  "No": {
    "precision": 0.8923913043478261,
    "recall": 0.782650142993327,
    "f1-score": 0.8339258506856272,
    "support": 1049.0
  },
  "Yes": {
    "precision": 0.5337423312883436,
    "recall": 0.725,
    "f1-score": 0.6148409893992933,
    "support": 360.0
  },
  "accuracy": 0.7679205110007097,
  "macro avg": {
    "precision": 0.7130668178180848,
    "recall": 0.7538250714966634,
    "f1-score": 0.7243834200424603,
    "support": 1409.0
  },
  "weighted avg": {
    "precision": 0.8007563644603783,
    "recall": 0.7679205110007097,
    "f1-score": 0.7779495908821636,
    "support": 1409.0
  }
}